Rule,Lift
LARGE CAKE TOWEL PINK SPOTS --> 200 RED + WHITE BENDY STRAWS,730.0
"HEART CALCULATOR, MINI PLAYING CARDS FUN FAIR  --> KEY RING BASEBALL BOOT ASSORTED ",730.0
"HEART CALCULATOR --> KEY RING BASEBALL BOOT ASSORTED , SET OF 3 WOODEN SLEIGH DECORATIONS",730.0
"KEY RING BASEBALL BOOT ASSORTED  --> HEART CALCULATOR, SET OF 3 WOODEN SLEIGH DECORATIONS",730.0
"SET OF 3 WOODEN SLEIGH DECORATIONS --> HEART CALCULATOR, KEY RING BASEBALL BOOT ASSORTED ",730.0
"HEART CALCULATOR, KEY RING BASEBALL BOOT ASSORTED  --> SET OF 3 WOODEN SLEIGH DECORATIONS",730.0
"HEART CALCULATOR, SET OF 3 WOODEN SLEIGH DECORATIONS --> KEY RING BASEBALL BOOT ASSORTED ",730.0
"KEY RING BASEBALL BOOT ASSORTED , SET OF 3 WOODEN SLEIGH DECORATIONS --> HEART CALCULATOR",730.0
"HEART CALCULATOR --> KEY RING BASEBALL BOOT ASSORTED , MINI PLAYING CARDS FUN FAIR ",730.0
"KEY RING BASEBALL BOOT ASSORTED  --> HEART CALCULATOR, MINI PLAYING CARDS FUN FAIR ",730.0
"MINI PLAYING CARDS FUN FAIR  --> HEART CALCULATOR, KEY RING BASEBALL BOOT ASSORTED ",730.0
"HEART CALCULATOR, KEY RING BASEBALL BOOT ASSORTED  --> MINI PLAYING CARDS FUN FAIR ",730.0
"KEY RING BASEBALL BOOT ASSORTED , MINI PLAYING CARDS FUN FAIR  --> HEART CALCULATOR",730.0
ROLL WRAP 50'S CHRISTMAS --> NATURAL SLATE RECTANGLE CHALKBOARD,730.0
WHITE HANGING BEADS CANDLE HOLDER --> WHITE JEWELLED HEART DECORATION,730.0
WHITE JEWELLED HEART DECORATION --> WHITE HANGING BEADS CANDLE HOLDER,730.0
SET/4 BIRD MIRROR MAGNETS  --> VANILLA INCENSE IN TIN,730.0
VANILLA INCENSE IN TIN --> SET/4 BIRD MIRROR MAGNETS ,730.0
SET OF 3 WOODEN STOCKING DECORATION --> SMALL RED BABUSHKA NOTEBOOK ,730.0
SMALL RED BABUSHKA NOTEBOOK  --> SET OF 3 WOODEN STOCKING DECORATION,730.0
POTTING SHED TEA MUG --> VINTAGE KID DOLLY CARD ,730.0
VINTAGE KID DOLLY CARD  --> POTTING SHED TEA MUG,730.0
PEG BAG APPLES DESIGN --> WOODLAND STORAGE BOX LARGE ,730.0
WOODLAND STORAGE BOX LARGE  --> PEG BAG APPLES DESIGN,730.0
"MINI PLAYING CARDS FUN FAIR , SET OF 3 WOODEN SLEIGH DECORATIONS --> HEART CALCULATOR",730.0
"HEART CALCULATOR, SET OF 3 WOODEN SLEIGH DECORATIONS --> MINI PLAYING CARDS FUN FAIR ",730.0
"HEART CALCULATOR, MINI PLAYING CARDS FUN FAIR  --> SET OF 3 WOODEN SLEIGH DECORATIONS",730.0
"SET OF 3 WOODEN SLEIGH DECORATIONS --> HEART CALCULATOR, MINI PLAYING CARDS FUN FAIR ",730.0
"KEY RING BASEBALL BOOT ASSORTED  --> HEART CALCULATOR, MINI PLAYING CARDS FUN FAIR , SET OF 3 WOODEN SLEIGH DECORATIONS",730.0
"MINI PLAYING CARDS FUN FAIR  --> HEART CALCULATOR, KEY RING BASEBALL BOOT ASSORTED , SET OF 3 WOODEN SLEIGH DECORATIONS",730.0
"SET OF 3 WOODEN SLEIGH DECORATIONS --> HEART CALCULATOR, KEY RING BASEBALL BOOT ASSORTED , MINI PLAYING CARDS FUN FAIR ",730.0
"HEART CALCULATOR, KEY RING BASEBALL BOOT ASSORTED  --> MINI PLAYING CARDS FUN FAIR , SET OF 3 WOODEN SLEIGH DECORATIONS",730.0
"HEART CALCULATOR, MINI PLAYING CARDS FUN FAIR  --> KEY RING BASEBALL BOOT ASSORTED , SET OF 3 WOODEN SLEIGH DECORATIONS",730.0
"HEART CALCULATOR, SET OF 3 WOODEN SLEIGH DECORATIONS --> KEY RING BASEBALL BOOT ASSORTED , MINI PLAYING CARDS FUN FAIR ",730.0
"KEY RING BASEBALL BOOT ASSORTED , MINI PLAYING CARDS FUN FAIR  --> HEART CALCULATOR, SET OF 3 WOODEN SLEIGH DECORATIONS",730.0
"KEY RING BASEBALL BOOT ASSORTED , SET OF 3 WOODEN SLEIGH DECORATIONS --> HEART CALCULATOR, MINI PLAYING CARDS FUN FAIR ",730.0
"MINI PLAYING CARDS FUN FAIR , SET OF 3 WOODEN SLEIGH DECORATIONS --> HEART CALCULATOR, KEY RING BASEBALL BOOT ASSORTED ",730.0
"HEART CALCULATOR, KEY RING BASEBALL BOOT ASSORTED , MINI PLAYING CARDS FUN FAIR  --> SET OF 3 WOODEN SLEIGH DECORATIONS",730.0
"HEART CALCULATOR, KEY RING BASEBALL BOOT ASSORTED , SET OF 3 WOODEN SLEIGH DECORATIONS --> MINI PLAYING CARDS FUN FAIR ",730.0
"HEART CALCULATOR, MINI PLAYING CARDS FUN FAIR , SET OF 3 WOODEN SLEIGH DECORATIONS --> KEY RING BASEBALL BOOT ASSORTED ",730.0
"KEY RING BASEBALL BOOT ASSORTED , MINI PLAYING CARDS FUN FAIR , SET OF 3 WOODEN SLEIGH DECORATIONS --> HEART CALCULATOR",730.0
"KEY RING BASEBALL BOOT ASSORTED  --> MINI PLAYING CARDS FUN FAIR , SET OF 3 WOODEN SLEIGH DECORATIONS",730.0
"MINI PLAYING CARDS FUN FAIR  --> KEY RING BASEBALL BOOT ASSORTED , SET OF 3 WOODEN SLEIGH DECORATIONS",730.0
"SET OF 3 WOODEN SLEIGH DECORATIONS --> KEY RING BASEBALL BOOT ASSORTED , MINI PLAYING CARDS FUN FAIR ",730.0
"KEY RING BASEBALL BOOT ASSORTED , MINI PLAYING CARDS FUN FAIR  --> SET OF 3 WOODEN SLEIGH DECORATIONS",730.0
"KEY RING BASEBALL BOOT ASSORTED , SET OF 3 WOODEN SLEIGH DECORATIONS --> MINI PLAYING CARDS FUN FAIR ",730.0
"MINI PLAYING CARDS FUN FAIR , SET OF 3 WOODEN SLEIGH DECORATIONS --> KEY RING BASEBALL BOOT ASSORTED ",730.0
"HEART CALCULATOR --> MINI PLAYING CARDS FUN FAIR , SET OF 3 WOODEN SLEIGH DECORATIONS",730.0
"MINI PLAYING CARDS FUN FAIR  --> HEART CALCULATOR, SET OF 3 WOODEN SLEIGH DECORATIONS",730.0
200 RED + WHITE BENDY STRAWS --> LARGE CAKE TOWEL PINK SPOTS,730.0
NATURAL SLATE RECTANGLE CHALKBOARD --> ROLL WRAP 50'S CHRISTMAS,730.0
MODERN FLORAL STATIONERY SET --> PHOTO FRAME CORNICE,730.0
MINI PLAYING CARDS FUN FAIR  --> KEY RING BASEBALL BOOT ASSORTED ,730.0
YELLOW SHARK HELICOPTER --> BANQUET BIRTHDAY  CARD  ,730.0
BANQUET BIRTHDAY  CARD   --> YELLOW SHARK HELICOPTER,730.0
CARD PSYCHEDELIC APPLES --> BOX OF 24 COCKTAIL PARASOLS,730.0
BOX OF 24 COCKTAIL PARASOLS --> CARD PSYCHEDELIC APPLES,730.0
WRAP GREEN PEARS  --> DOLLY GIRL CHILDRENS CUP,730.0
DOLLY GIRL CHILDRENS CUP --> WRAP GREEN PEARS ,730.0
SET/2 RED RETROSPOT TEA TOWELS  --> GIANT 50'S CHRISTMAS CRACKER,730.0
GIANT 50'S CHRISTMAS CRACKER --> SET/2 RED RETROSPOT TEA TOWELS ,730.0
KEY RING BASEBALL BOOT ASSORTED  --> HEART CALCULATOR,730.0
HEART CALCULATOR --> KEY RING BASEBALL BOOT ASSORTED ,730.0
MINI PLAYING CARDS FUN FAIR  --> HEART CALCULATOR,730.0
HEART CALCULATOR --> MINI PLAYING CARDS FUN FAIR ,730.0
SET OF 3 WOODEN SLEIGH DECORATIONS --> HEART CALCULATOR,730.0
PHOTO FRAME CORNICE --> MODERN FLORAL STATIONERY SET,730.0
HEART CALCULATOR --> SET OF 3 WOODEN SLEIGH DECORATIONS,730.0
KEY RING BASEBALL BOOT ASSORTED  --> MINI PLAYING CARDS FUN FAIR ,730.0
SET OF 3 WOODEN SLEIGH DECORATIONS --> KEY RING BASEBALL BOOT ASSORTED ,730.0
MINI PLAYING CARDS FUN FAIR  --> SET OF 3 WOODEN SLEIGH DECORATIONS,730.0
SET OF 3 WOODEN SLEIGH DECORATIONS --> MINI PLAYING CARDS FUN FAIR ,730.0
RETROSPOT CHILDRENS APRON --> MINI JIGSAW SPACEBOY,730.0
LANDMARK FRAME COVENT GARDEN  --> LANDMARK FRAME NOTTING HILL ,730.0
LANDMARK FRAME NOTTING HILL  --> LANDMARK FRAME COVENT GARDEN ,730.0
KEY RING BASEBALL BOOT ASSORTED  --> SET OF 3 WOODEN SLEIGH DECORATIONS,730.0
MINI JIGSAW SPACEBOY --> RETROSPOT CHILDRENS APRON,730.0
"HEART CALCULATOR --> KEY RING BASEBALL BOOT ASSORTED , MINI PLAYING CARDS FUN FAIR , SET OF 3 WOODEN SLEIGH DECORATIONS",730.0
PACK OF 72 RETROSPOT CAKE CASES --> HEART SHAPED HOLLY WREATH,365.0
HEART SHAPED HOLLY WREATH --> PACK OF 72 RETROSPOT CAKE CASES,365.0
PINK HAPPY BIRTHDAY BUNTING --> LUNCH BAG APPLE DESIGN,365.0
LUNCH BAG APPLE DESIGN --> PINK HAPPY BIRTHDAY BUNTING,365.0
SET 8 CANDLES VINTAGE DOILY --> 60 TEATIME FAIRY CAKE CASES,365.0
60 TEATIME FAIRY CAKE CASES --> SET 8 CANDLES VINTAGE DOILY,365.0
PAPER BUNTING VINTAGE PAISLEY --> JAM JAR WITH GREEN LID,365.0
PINK DINER WALL CLOCK --> ALARM CLOCK BAKELIKE RED ,365.0
ALARM CLOCK BAKELIKE RED  --> PINK DINER WALL CLOCK,365.0
TRADITIONAL WOODEN CATCH CUP GAME  --> PACK OF 12 SPACEBOY TISSUES,365.0
PACK OF 12 SPACEBOY TISSUES --> TRADITIONAL WOODEN CATCH CUP GAME ,365.0
JAM JAR WITH GREEN LID --> PAPER BUNTING VINTAGE PAISLEY,365.0
CHARLOTTE BAG SUKI DESIGN --> CHILDS GARDEN TROWEL PINK,243.33333333333334
CHILDS GARDEN TROWEL PINK --> CHARLOTTE BAG SUKI DESIGN,243.33333333333334
SILVER HANGING T-LIGHT HOLDER --> HEART IVORY TRELLIS LARGE,243.33333333333334
HEART IVORY TRELLIS LARGE --> SILVER HANGING T-LIGHT HOLDER,243.33333333333334
RETROSPOT HEART HOT WATER BOTTLE --> COFFEE MUG DOG + BALL DESIGN,243.33333333333334
COFFEE MUG DOG + BALL DESIGN --> RETROSPOT HEART HOT WATER BOTTLE,243.33333333333334
PLASTERS IN TIN SPACEBOY --> JUMBO BAG 50'S CHRISTMAS ,182.5
JUMBO BAG 50'S CHRISTMAS  --> PLASTERS IN TIN SPACEBOY,182.5
WRAP COWBOYS   --> RED KITCHEN SCALES,182.5
SET OF 4 ENGLISH ROSE PLACEMATS --> LUNCH BAG PINK POLKADOT,182.5
CHEST OF DRAWERS GINGHAM HEART  --> ALARM CLOCK BAKELIKE IVORY,91.25
PINK CREAM FELT CRAFT TRINKET BOX  --> CHILLI LIGHTS,81.1111111111111
CHILLI LIGHTS --> PINK CREAM FELT CRAFT TRINKET BOX ,81.1111111111111
COFFEE MUG DOG + BALL DESIGN --> LUNCH BAG PINK POLKADOT,60.833333333333336
